Date,TSLA.Adjusted,DJI.Adjusted,CL.Adjusted,GCF.Adjusted
1/3/2017,43.397999,19881.75977,57.625496,1160.400024
1/4/2017,45.397999,19942.16016,58.25856,1163.800049
1/5/2017,45.349998,19899.28906,58.777313,1179.699951
1/6/2017,45.801998,19963.80078,59.225735,1171.900024
1/9/2017,46.256001,19887.38086,58.399227,1183.5
1/10/2017,45.973999,19855.5293,57.493622,1184.199951
1/11/2017,45.945999,19954.2793,57.423279,1195.599976
1/12/2017,45.917999,19891,57.898064,1198.900024
1/13/2017,47.549999,19885.73047,57.924446,1195.300049
1/17/2017,47.116001,19826.76953,58.997112,1212
1/18/2017,47.672001,19804.7207,59.66534,1211.300049
1/19/2017,48.751999,19732.40039,59.285088,1200.900024
1/20/2017,48.945999,19827.25,60.089813,1204.300049
1/23/2017,49.784,19799.84961,59.736092,1215
1/24/2017,50.922001,19912.71094,60.363968,1210.300049
1/25/2017,50.894001,20068.50977,60.514297,1197.300049
1/26/2017,50.501999,20100.91016,60.346279,1189.5
1/27/2017,50.59,20093.7793,57.19809,1188.099976
1/30/2017,50.125999,19971.13086,57.065437,1193.199951
1/31/2017,50.386002,19864.08984,57.109642,1208.599976
2/1/2017,49.848,19890.93945,57.233452,1205.599976
2/2/2017,50.310001,19884.91016,58.082409,1216.699951
2/3/2017,50.265999,20071.46094,58.338875,1218.5
2/6/2017,51.554001,20052.41992,57.914371,1230
2/7/2017,51.495998,20090.28906,58.860607,1234.199951
2/8/2017,52.416,20054.33984,58.887135,1237.599976
2/9/2017,53.84,20172.40039,58.895992,1235.099976
2/10/2017,53.846001,20269.36914,59.886421,1234.400024
2/13/2017,56.119999,20412.16016,59.877586,1224.400024
2/14/2017,56.195999,20504.41016,59.90411,1223.900024
2/15/2017,55.952,20611.85938,60.673477,1231.699951
2/16/2017,53.790001,20619.76953,61.018356,1240
2/17/2017,54.445999,20624.05078,63.653648,1237.599976
2/21/2017,55.478001,20743,64.714844,1237.5
2/22/2017,54.702,20775.59961,64.988968,1232
2/23/2017,51.198002,20810.32031,65.829079,1250.199951
2/24/2017,51.400002,20821.75977,64.865166,1256.900024
2/27/2017,49.245998,20837.43945,64.246155,1257.400024
2/28/2017,49.998001,20812.24023,64.537979,1252.599976
3/1/2017,50.004002,21115.55078,64.962425,1248.900024
3/2/2017,50.096001,21002.9707,65.21006,1231.900024
3/3/2017,50.313999,21005.71094,65.077423,1225.5
3/6/2017,50.242001,20954.33984,65.254295,1224.5
3/7/2017,49.717999,20924.75977,65.192368,1215.099976
3/8/2017,49.374001,20855.73047,64.697151,1208.5
3/9/2017,48.98,20858.18945,64.882858,1202.400024
3/10/2017,48.737999,20902.98047,65.669922,1200.699951
3/13/2017,49.234001,20881.48047,65.351563,1202.400024
3/14/2017,51.599998,20837.36914,65.130455,1201.900024
3/15/2017,51.146,20950.09961,65.386909,1200.099976
3/16/2017,52.41,20934.55078,65.351563,1226.5
3/17/2017,52.299999,20914.61914,65.404587,1229.800049
3/20/2017,52.383999,20905.85938,65.263115,1233.599976
3/21/2017,50.136002,20668.00977,65.17466,1246.099976
3/22/2017,51.001999,20661.30078,65.156998,1249.300049
3/23/2017,50.956001,20656.58008,65.36924,1246.900024
3/24/2017,52.632,20596.7207,65.14817,1248.199951
3/27/2017,54.043999,20550.98047,64.935921,1255.400024
3/28/2017,55.490002,20701.5,65.236565,1255.300049
3/29/2017,55.476002,20659.32031,65.050888,1253.400024
3/30/2017,55.584,20728.49023,64.759056,1245
3/31/2017,55.66,20663.2207,64.723694,1247.300049
4/3/2017,59.703999,20650.21094,64.882858,1250.800049
4/4/2017,60.740002,20689.24023,65.103958,1255
4/5/2017,59,20648.15039,64.962425,1245.400024
4/6/2017,59.740002,20662.94922,64.670601,1250.300049
4/7/2017,60.507999,20656.09961,64.953598,1254.300049
4/10/2017,62.478001,20658.01953,65.201225,1251.099976
4/11/2017,61.742001,20651.30078,65.17466,1271.199951
4/12/2017,59.368,20591.85938,65.439964,1275.300049
4/13/2017,60.799999,20453.25,65.139305,1285.900024
4/17/2017,60.287998,20636.91992,65.501877,1289.400024
4/18/2017,60.049999,20523.2793,65.767166,1291.699951
4/19/2017,61.104,20404.49023,65.251488,1281.400024
4/20/2017,60.501999,20578.71094,65.064789,1281.900024
4/21/2017,61.119999,20547.75977,64.922531,1287.400024
4/24/2017,61.605999,20763.89063,65.491554,1275.800049
4/25/2017,62.757999,20996.11914,65.989449,1265.599976
4/26/2017,62.034,20975.08984,65.349312,1262.099976
4/27/2017,61.726002,20981.33008,65.171486,1263.699951
4/28/2017,62.813999,20940.50977,64.051201,1266.099976
5/1/2017,64.566002,20913.46094,63.837799,1253.300049
5/2/2017,63.778,20949.89063,62.913147,1255.099976
5/3/2017,62.203999,20957.90039,63.197647,1246.400024
5/4/2017,59.091999,20951.4707,63.971184,1226.5
5/5/2017,61.669998,21006.93945,63.846699,1224.800049
5/8/2017,61.438,21012.2793,63.873386,1225.300049
5/9/2017,64.251999,20975.7793,63.571098,1214.300049
5/10/2017,65.043999,20943.10938,63.837799,1217.300049
5/11/2017,64.620003,20919.41992,63.677788,1222.699951
5/12/2017,64.961998,20896.60938,63.348793,1226.199951
5/15/2017,63.175999,20981.93945,63.704445,1228.599976
5/16/2017,63.402,20979.75,63.642216,1235
5/17/2017,61.222,20606.92969,67.296455,1257.5
5/18/2017,62.612,20663.01953,65.731613,1251.699951
5/19/2017,62.166,20804.83984,66.522934,1252.699951
5/22/2017,62.07,20894.83008,66.042786,1260.699951
5/23/2017,60.771999,20937.91016,65.651573,1254.800049
5/24/2017,62.043999,21012.41992,66.327301,1252.400024
5/25/2017,63.366001,21082.94922,67.011932,1255.800049
5/26/2017,65.028,21080.2793,67.083046,1267.599976
5/30/2017,67.019997,21029.4707,67.652084,1262.099976
5/31/2017,68.202003,21008.65039,67.892136,1272
6/1/2017,68.073997,21144.17969,68.185547,1267
6/2/2017,67.970001,21206.28906,68.55896,1276.800049
6/5/2017,69.463997,21184.03906,68.665672,1279.300049
6/6/2017,70.57,21136.23047,68.461166,1294.400024
6/7/2017,71.93,21173.68945,68.603424,1290.099976
6/8/2017,74,21182.5293,67.385353,1276.300049
6/9/2017,71.463997,21271.9707,67.367561,1268.5
6/12/2017,71.802002,21235.66992,67.171967,1266.099976
6/13/2017,75.190002,21328.4707,67.296455,1265.800049
6/14/2017,76.132004,21374.56055,67.46537,1272.800049
6/15/2017,75.068001,21359.90039,67.883247,1252.199951
6/16/2017,74.279999,21384.2793,67.847687,1254
6/19/2017,73.959999,21528.99023,68.372253,1244.199951
6/20/2017,74.447998,21467.14063,67.883247,1241
6/21/2017,75.279999,21410.0293,67.28756,1243.400024
6/22/2017,76.522003,21397.28906,67.154175,1247.599976
6/23/2017,76.690002,21394.75977,67.500931,1256.199951
6/26/2017,75.498001,21409.55078,67.474274,1246.300049
6/27/2017,72.473999,21310.66016,67.011932,1246.400024
6/28/2017,74.248001,21454.60938,66.762985,1248
6/29/2017,72.150002,21287.0293,65.900543,1244.199951
6/30/2017,72.321999,21349.63086,65.909431,1240.699951
7/3/2017,70.524002,21479.26953,65.740509,1217.900024
7/5/2017,65.417999,21478.16992,65.58046,1220.400024
7/6/2017,61.765999,21320.03906,65.304832,1222.199951
7/7/2017,62.644001,21414.33984,65.207047,1208.599976
7/10/2017,63.209999,21408.51953,64.975876,1212.099976
7/11/2017,65.444,21409.07031,64.371284,1213.599976
7/12/2017,65.903999,21532.14063,64.264587,1218.099976
7/13/2017,64.681999,21553.08984,64.220146,1216.300049
7/14/2017,65.556,21637.74023,64.810211,1226.599976
7/17/2017,63.914001,21629.7207,64.89962,1232.800049
7/18/2017,65.648003,21574.73047,64.837051,1241.099976
7/19/2017,65.052002,21640.75,64.810211,1241.199951
7/20/2017,65.984001,21611.7793,64.452576,1244.800049
7/21/2017,65.68,21580.07031,65.507576,1254.300049
7/24/2017,68.503998,21513.16992,64.238037,1253.900024
7/25/2017,67.919998,21613.42969,64.416832,1251.699951
7/26/2017,68.769997,21711.00977,65.26619,1249
7/27/2017,66.891998,21796.55078,65.221481,1259.599976
7/28/2017,67.014,21830.31055,64.854927,1268.400024
7/31/2017,64.694,21891.11914,64.550934,1266.599976
8/1/2017,63.914001,21963.91992,64.10392,1272.599976
8/2/2017,65.178001,22016.24023,64.032379,1271.800049
8/3/2017,69.417999,22026.09961,64.014511,1267.800049
8/4/2017,71.382004,22092.81055,63.907227,1258.300049
8/7/2017,71.033997,22118.41992,64.139656,1258.199951
8/8/2017,73.043999,22085.33984,64.10392,1256.400024
8/9/2017,72.706001,22048.69922,63.987682,1273
8/10/2017,71.080002,21844.00977,63.969807,1283.699951
8/11/2017,71.573997,21858.32031,63.710526,1287.699951
8/14/2017,72.760002,21993.71094,63.880398,1284.199951
8/15/2017,72.466003,21998.99023,64.193336,1273.699951
8/16/2017,72.582001,22024.86914,64.30954,1276.900024
8/17/2017,70.384003,21750.73047,63.746292,1286.400024
8/18/2017,69.491997,21674.50977,63.495945,1285.699951
8/21/2017,67.571999,21703.75,64.023445,1290.800049
8/22/2017,68.269997,21899.89063,64.050262,1285.099976
8/23/2017,70.554001,21812.08984,63.674763,1288.900024
8/24/2017,70.585999,21783.40039,63.281372,1286.5
8/25/2017,69.610001,21813.66992,63.612183,1292.5
8/28/2017,69.132004,21808.40039,63.388649,1309.699951
8/29/2017,69.472,21865.36914,63.746292,1313.099976
8/30/2017,70.636002,21892.42969,63.433369,1308.099976
8/31/2017,71.18,21948.09961,64.050262,1316.199951
9/1/2017,71.080002,21987.56055,63.746292,1324.5
9/5/2017,69.917999,21753.31055,63.576427,1339.199951
9/6/2017,68.905998,21807.64063,63.916168,1333.900024
9/7/2017,70.122002,21784.7793,63.978733,1345.099976
9/8/2017,68.68,21797.78906,64.211189,1346
9/11/2017,72.737999,22057.36914,64.390015,1331
9/12/2017,72.550003,22118.85938,64.327415,1328
9/13/2017,73.246002,22158.17969,64.059212,1323.400024
9/14/2017,75.528,22203.48047,64.497299,1324.699951
9/15/2017,75.961998,22268.33984,64.622452,1320.400024
9/18/2017,77,22331.34961,64.720802,1306.300049
9/19/2017,75.019997,22370.80078,65.096313,1306.199951
9/20/2017,74.781998,22412.58984,64.863861,1312
9/21/2017,73.295998,22359.23047,63.808876,1290.599976
9/22/2017,70.218002,22349.58984,63.647942,1293.300049
9/25/2017,68.998001,22296.08984,65.26619,1306.800049
9/26/2017,69.050003,22284.32031,65.614861,1297
9/27/2017,68.194,22340.71094,65.3377,1283.400024
9/28/2017,67.919998,22381.19922,65.400299,1285.5
9/29/2017,68.220001,22405.08984,65.132065,1281.5
10/2/2017,68.306,22557.59961,65.221481,1272.699951
10/3/2017,69.627998,22641.66992,64.765503,1271.5
10/4/2017,71.001999,22661.64063,65.158882,1273.699951
10/5/2017,71.066002,22775.39063,65.453949,1269.900024
10/6/2017,71.375999,22773.66992,65.015862,1271.599976
10/9/2017,68.587997,22761.07031,64.693993,1281.800049
10/10/2017,71.117996,22830.67969,65.176788,1290.599976
10/11/2017,70.919998,22872.89063,66.812904,1285.800049
10/12/2017,71.136002,22841.00977,67.19735,1293.300049
10/13/2017,71.113998,22871.7207,67.939407,1301.5
10/16/2017,70.120003,22956.96094,67.724831,1299.900024
10/17/2017,71.150002,22997.43945,67.018532,1283
10/18/2017,71.93,23157.59961,66.553627,1279.900024
10/19/2017,70.362,23163.03906,65.39135,1286.900024
10/20/2017,69.019997,23328.63086,65.013779,1277.400024
10/23/2017,67.403999,23273.96094,64.896919,1277.699951
10/24/2017,67.468002,23441.75977,64.582275,1275
10/25/2017,65.167999,23329.46094,64.204697,1275.400024
10/26/2017,65.234001,23400.85938,64.015923,1266.300049
10/27/2017,64.174004,23434.18945,63.287754,1268.5
10/30/2017,64.015999,23348.74023,62.208973,1274.099976
10/31/2017,66.306,23377.24023,63.332699,1267
11/1/2017,64.216003,23435.00977,63.431587,1274.099976
11/2/2017,59.852001,23516.25977,63.773197,1274.900024
11/3/2017,61.217999,23539.18945,63.063015,1266.5
11/6/2017,60.556,23548.41992,63.152908,1279.400024
11/7/2017,61.209999,23557.23047,63.737236,1273.699951
11/8/2017,60.877998,23563.35938,65.867805,1281.599976
11/9/2017,60.598,23461.93945,65.544189,1285.599976
11/10/2017,60.598,23422.21094,65.813881,1272.400024
11/13/2017,63.080002,23439.69922,66.254356,1277.300049
11/14/2017,61.740002,23409.4707,66.038605,1281.5
11/15/2017,62.259998,23271.2793,65.157616,1276.5
11/16/2017,62.5,23458.35938,65.292473,1277.400024
11/17/2017,63.009998,23358.24023,64.627235,1295.800049
11/20/2017,61.748001,23430.33008,64.78904,1274.599976
11/21/2017,63.562,23590.83008,64.923889,1281.099976
11/22/2017,62.52,23526.17969,64.501366,1291.599976
11/24/2017,63.110001,23557.99023,64.735092,1286.699951
11/27/2017,63.362,23580.7793,64.726112,1293.800049
11/28/2017,63.509998,23836.71094,65.409332,1294.699951
11/29/2017,61.507999,23940.67969,64.735092,1282.099976
11/30/2017,61.77,24272.34961,65.130646,1273.199951
12/1/2017,61.306,24231.58984,65.661049,1278.800049
12/4/2017,61.040001,24290.05078,66.991516,1274.300049
12/5/2017,60.740002,24180.64063,67.054451,1261.599976
12/6/2017,62.652,24140.91016,66.748795,1262.800049
12/7/2017,62.248001,24211.48047,65.804863,1249.800049
12/8/2017,63.026001,24329.16016,65.912766,1245.199951
12/11/2017,65.781998,24386.0293,65.777916,1243.699951
12/12/2017,68.206001,24504.80078,65.166611,1238.5
12/13/2017,67.806,24585.42969,65.93972,1245.400024
12/14/2017,67.578003,24508.66016,65.840843,1253.800049
12/15/2017,68.690002,24651.74023,66.569008,1254.300049
12/18/2017,67.774002,24792.19922,66.515068,1262.199951
12/19/2017,66.220001,24754.75,67.288177,1260.699951
12/20/2017,65.795998,24726.65039,66.991516,1266.099976
12/21/2017,66.332001,24782.28906,67.117371,1267.300049
12/22/2017,65.040001,24754.06055,67.557877,1275.400024
12/26/2017,63.458,24746.21094,67.854538,1284.099976
12/27/2017,62.327999,24774.30078,67.755653,1287
12/28/2017,63.071999,24837.50977,67.548882,1294.099976
12/29/2017,62.27,24719.2207,67.827576,1306.300049
1/2/2018,64.106003,24824.00977,67.548882,1313.699951
1/3/2018,63.450001,24922.67969,67.288177,1316.199951
1/4/2018,62.924,25075.13086,67.719696,1319.400024
1/5/2018,63.316002,25295.86914,67.800583,1320.300049
1/8/2018,67.281998,25283,67.89949,1318.599976
1/9/2018,66.737999,25385.80078,67.998383,1311.699951
1/10/2018,66.959999,25369.13086,67.261223,1317.400024
1/11/2018,67.589996,25574.73047,67.018486,1320.599976
1/12/2018,67.244003,25803.18945,67.081421,1333.400024
1/16/2018,68.012001,25792.85938,67.800583,1335.400024
1/17/2018,69.431999,26115.65039,68.933296,1338
1/18/2018,68.914001,26017.81055,68.888367,1326
1/19/2018,70.003998,26071.7207,69.670464,1331.900024
1/22/2018,70.311996,26214.59961,69.92347,1330.900024
1/23/2018,70.557999,26210.81055,69.489746,1335.699951
1/24/2018,69.178001,26252.11914,69.399376,1355.900024
1/25/2018,67.528,26392.78906,69.860222,1362.400024
1/26/2018,68.57,26616.71094,66.471588,1351.599976
1/29/2018,69.905998,26439.48047,66.679436,NA
1/30/2018,69.164001,26076.89063,67.474625,1335.400024
1/31/2018,70.862,26149.39063,67.086075,1339
2/1/2018,69.849998,26186.71094,66.263741,1344.300049
2/2/2018,68.75,25520.96094,65.450485,1333.699951
2/5/2018,66.625999,24345.75,63.082935,1333
2/6/2018,66.793999,24912.76953,63.625134,1326.099976
2/7/2018,69,24893.34961,63.408257,1311.599976
2/8/2018,63.046001,23860.46094,62.305824,1316.900024
2/9/2018,62.084,24190.90039,63.037762,1313.099976
2/12/2018,63.146,24601.26953,63.426338,1324.199951
2/13/2018,64.732002,24640.44922,63.525723,1328.099976
2/14/2018,64.461998,24893.49023,62.911251,1355.5
2/15/2018,66.814003,25200.36914,64.357086,1352.099976
2/16/2018,67.098,25219.38086,64.573944,1353.199951
2/20/2018,66.954002,24964.75,63.281734,1328.800049
2/21/2018,66.660004,24797.7793,62.47752,1330
2/22/2018,69.234001,24962.48047,62.703426,1330.599976
2/23/2018,70.410004,25309.99023,63.525723,1328.199951
2/26/2018,71.484001,25709.26953,64.221519,1330.699951
2/27/2018,70.197998,25410.0293,63.182346,1315.5
2/28/2018,68.612,25029.19922,62.323891,1315.5
3/1/2018,66.185997,24608.98047,62.224499,1302.900024
3/2/2018,67.024002,24538.06055,62.594978,1321.099976
3/5/2018,66.669998,24874.75977,63.317898,1318.099976
3/6/2018,65.639999,24884.11914,62.929333,1333.599976
3/7/2018,66.459999,24801.35938,62.965473,1326
3/8/2018,65.82,24895.21094,64.176353,1319.900024
3/9/2018,65.433998,25335.74023,64.375145,1322.400024
3/12/2018,69.101997,25178.60938,64.230583,1319.400024
3/13/2018,68.367996,25007.0293,64.040794,1325.900024
3/14/2018,65.325996,24758.11914,63.245609,1324.400024
3/15/2018,65.120003,24873.66016,62.857037,1316.800049
3/16/2018,64.269997,24946.50977,62.911251,1311.300049
3/19/2018,62.712002,24610.91016,63.308853,1316.800049
3/20/2018,62.110001,24727.26953,62.974514,1311.099976
3/21/2018,63.306,24682.31055,62.070881,1320.699951
3/22/2018,61.82,23957.89063,62.188358,1326.599976
3/23/2018,60.307999,23533.19922,61.790741,1349.300049
3/26/2018,60.835999,24202.59961,61.619061,1354.400024
3/27/2018,55.835999,23857.71094,62.604008,1341.300049
3/28/2018,51.556,23848.41992,63.977543,1324.199951
3/29/2018,53.226002,24103.10938,64.772743,1322.800049
4/2/2018,50.495998,23644.18945,63.390182,1342.099976
4/3/2018,53.506001,24033.35938,64.113091,1332.800049
4/4/2018,57.388,24264.30078,64.745636,1335.800049
4/5/2018,61.144001,24505.2207,64.890228,1324.300049
4/6/2018,59.860001,23932.75977,64.73661,1331.900024
4/9/2018,57.931999,23979.09961,64.537804,1336.300049
4/10/2018,60.939999,24408,64.817932,1342
4/11/2018,60.186001,24189.44922,64.501648,1356.5
4/12/2018,58.816002,24483.05078,64.104073,1338.400024
4/13/2018,60.068001,24360.14063,64.700455,1344.800049
4/16/2018,58.242001,24573.03906,65.459518,1347.5
4/17/2018,57.537998,24786.63086,65.269745,1347.199951
4/18/2018,58.669998,24748.07031,65.134201,1351.199951
4/19/2018,60.015999,24664.89063,63.416309,1346.800049
4/20/2018,58.048,24462.93945,61.371208,1336.699951
4/23/2018,56.674,24448.68945,60.325951,1322.5
4/24/2018,56.692001,24024.13086,60.56226,1331.400024
4/25/2018,56.138,24083.83008,60.362305,1321.199951
4/26/2018,57.096001,24322.33984,60.525902,1316.300049
4/27/2018,58.816002,24311.18945,60.516823,1320.300049
4/30/2018,58.779999,24163.15039,59.289764,1316.199951
5/1/2018,59.984001,24099.05078,59.080704,1303.800049
5/2/2018,60.23,23924.98047,57.390087,1302.599976
5/3/2018,56.889999,23930.15039,57.553692,1310.699951
5/4/2018,58.818001,24262.50977,57.90818,1312.699951
5/7/2018,60.554001,24357.32031,57.09922,1312.199951
5/8/2018,60.394001,24360.21094,56.608398,1312
5/9/2018,61.369999,24542.53906,56.272091,1311.300049
5/10/2018,61.004002,24739.5293,56.790188,1320.800049
5/11/2018,60.212002,24831.16992,56.999245,1319
5/14/2018,58.394001,24899.41016,56.390259,1316.5
5/15/2018,56.835999,24706.41016,56.03577,1288.900024
5/16/2018,57.296001,24768.92969,56.435707,1290.199951
5/17/2018,56.908001,24713.98047,56.617496,1288.199951
5/18/2018,55.363998,24715.08984,56.553864,1290.199951
5/21/2018,56.897999,25013.28906,56.581139,1290.199951
5/22/2018,55.001999,24834.41016,56.72657,1291.699951
5/23/2018,55.813999,24886.81055,57.008335,1289.300049
5/24/2018,55.57,24811.75977,56.799282,1303.699951
5/25/2018,55.77,24753.08984,57.944538,1303.300049
5/29/2018,56.751999,24361.44922,57.771843,1298.699951
5/30/2018,58.344002,24667.7793,58.526253,1301.5
5/31/2018,56.945999,24415.83984,57.344643,1300.099976
6/1/2018,58.363998,24635.21094,56.981064,1294.800049
6/4/2018,59.348,24813.68945,56.999245,1293.099976
6/5/2018,58.226002,24799.98047,56.617496,1297.5
6/6/2018,63.900002,25146.39063,56.871994,1297.099976
6/7/2018,63.217999,25241.41016,57.044693,1298.699951
6/8/2018,63.532001,25316.5293,57.57188,1298.099976
6/11/2018,66.419998,25322.31055,57.944538,1298.900024
6/12/2018,68.554001,25320.73047,57.926357,1295.099976
6/13/2018,68.956001,25201.19922,57.317368,1296.900024
6/14/2018,71.543999,25175.31055,57.544605,1304
6/15/2018,71.634003,25090.48047,58.835297,1274.599976
6/18/2018,74.166,24987.4707,57.544605,1276.199951
6/19/2018,70.510002,24700.21094,58.171768,1275.599976
6/20/2018,72.444,24657.80078,58.080879,1271.199951
6/21/2018,69.501999,24461.69922,57.708218,1267.199951
6/22/2018,66.725998,24580.89063,58.744392,1267.400024
6/25/2018,66.601997,24252.80078,59.180687,1265.599976
6/26/2018,68.400002,24283.10938,59.207943,1256.599976
6/27/2018,68.900002,24117.58984,58.817108,1252.800049
6/28/2018,69.986,24216.05078,59.017082,1247.800049
6/29/2018,68.589996,24271.41016,58.908009,1251.300049
7/2/2018,67.014,24307.17969,58.698952,1239.800049
7/3/2018,62.172001,24174.82031,58.780754,1251.599976
7/5/2018,61.832001,24356.74023,59.953278,1257.300049
7/6/2018,61.779999,24456.48047,59.789669,1254.300049
7/9/2018,63.702,24776.58984,59.080704,1258.099976
7/10/2018,64.494003,24919.66016,59.744221,1253.800049
7/11/2018,63.792,24700.44922,59.29884,1242.800049
7/12/2018,63.341999,24924.89063,59.23521,1245
7/13/2018,63.773998,25019.41016,59.762405,1239.599976
7/16/2018,62.02,25064.35938,59.644241,1238.099976
7/17/2018,64.538002,25119.89063,59.973568,1225.699951
7/18/2018,64.769997,25199.28906,59.287472,1226.300049
7/19/2018,64.045998,25064.5,60.147385,1222.400024
7/20/2018,62.716,25058.11914,60.330322,1229.5
7/23/2018,60.639999,25044.28906,60.229694,1224
7/24/2018,59.486,25241.93945,59.708275,1223.900024
7/25/2018,61.748001,25414.09961,60.330322,1231.400024
7/26/2018,61.330002,25527.07031,61.235973,1225.300049
7/27/2018,59.436001,25451.06055,60.979839,1222.599976
7/30/2018,58.034,25306.83008,60.796875,1221.300049
7/31/2018,59.627998,25415.18945,61.300003,1223.699951
8/1/2018,60.167999,25333.82031,60.449261,1217.900024
8/2/2018,69.907997,25326.16016,61.510403,1210.599976
8/3/2018,69.634003,25462.58008,61.748268,1214.199951
8/6/2018,68.398003,25502.17969,61.638466,1208.599976
8/7/2018,75.914001,25628.91016,61.501274,1209.599976
8/8/2018,74.068001,25583.75,60.915794,1212.599976
8/9/2018,70.489998,25509.23047,60.312027,1211.900024
8/10/2018,71.098,25313.14063,59.854637,1211.099976
8/13/2018,71.281998,25187.69922,59.964413,1191.300049
8/14/2018,69.528,25299.91992,59.93697,1193
8/15/2018,67.737999,25162.41016,60.220562,1177.5
8/16/2018,67.089996,25558.73047,61.034714,1176.199951
8/17/2018,61.099998,25669.32031,61.748268,1176.5
8/20/2018,61.688,25758.68945,61.894642,1186.800049
8/21/2018,64.379997,25822.28906,61.656776,1192.599976
8/22/2018,64.328003,25733.59961,61.2817,1196.300049
8/23/2018,64.019997,25656.98047,60.897495,1187
8/24/2018,64.564003,25790.34961,61.181084,1206.300049
8/27/2018,63.854,26049.64063,61.37318,1209
8/28/2018,62.372002,26064.01953,61.089607,1207.400024
8/29/2018,61.001999,26124.57031,61.254269,1204.5
8/30/2018,60.630001,25986.91992,60.595623,1197.699951
8/31/2018,60.332001,25964.82031,60.751133,1200.300049
9/4/2018,57.790001,25952.48047,59.671688,1192.699951
9/5/2018,56.147999,25974.99023,60.915794,1194.900024
9/6/2018,56.189999,25995.86914,61.290855,1197.900024
9/7/2018,52.647999,25916.53906,61.300003,1193.599976
9/10/2018,57.099998,25857.07031,61.437233,1193
9/11/2018,55.888,25971.06055,61.455521,1195.400024
9/12/2018,58.108002,25998.91992,62.187363,1204.699951
9/13/2018,57.891998,26145.99023,62.35202,1202
9/14/2018,59.040001,26154.66992,62.196503,1195
9/17/2018,58.967999,26062.11914,62.946621,1199.699951
9/18/2018,56.992001,26246.96094,62.443501,1196.800049
9/19/2018,59.804001,26405.75977,62.141605,1202.199951
9/20/2018,59.666,26656.98047,62.928329,1206.199951
9/21/2018,59.82,26743.5,63.202766,1196.199951
9/24/2018,59.936001,26562.05078,62.150757,1199.300049
9/25/2018,60.198002,26492.21094,61.418941,1200
9/26/2018,61.916,26385.2793,61.382343,1194
9/27/2018,61.504002,26439.92969,61.043858,1182.300049
9/28/2018,52.953999,26458.31055,61.245113,1191.5
10/1/2018,62.139999,26651.21094,61.354885,1187.099976
10/2/2018,60.203999,26773.93945,61.647625,1202.400024
10/3/2018,58.959999,26828.39063,60.302898,1198.300049
10/4/2018,56.366001,26627.48047,59.388088,1197.199951
10/5/2018,52.389999,26447.05078,59.195992,1201.199951
10/8/2018,50.112,26486.7793,59.781448,1184.400024
10/9/2018,52.560001,26430.57031,59.525322,1187.199951
10/10/2018,51.375999,25598.74023,58.390976,1189.300049
10/11/2018,50.445999,25052.83008,57.037094,1223.5
10/12/2018,51.756001,25339.99023,57.210907,1218.099976
10/15/2018,51.917999,25250.55078,57.220047,1226.400024
10/16/2018,55.318001,25798.41992,57.274937,1227.300049
10/17/2018,54.355999,25706.67969,58.134838,1223.699951
10/18/2018,52.782001,25379.44922,57.683609,1226.5
10/19/2018,52,25444.33984,59.414848,1225.300049
10/22/2018,52.189999,25317.41016,58.604488,1221.199951
10/23/2018,58.827999,25191.42969,58.383484,1233.400024
10/24/2018,57.700001,24583.41992,59.52536,1227.800049
10/25/2018,62.972,24984.55078,58.770237,1229.099976
10/26/2018,66.18,24688.31055,54.865734,1232.5
10/29/2018,66.970001,24442.91992,53.300251,1224.5
10/30/2018,65.980003,24874.64063,55.427464,1222.599976
10/31/2018,67.463997,25115.75977,54.8381,1212.300049
11/1/2018,68.856003,25380.74023,55.326172,1236
11/2/2018,69.281998,25270.83008,55.519547,1230.900024
11/5/2018,68.279999,25461.69922,55.464302,1229.800049
11/6/2018,68.211998,25635.00977,55.722141,1223.800049
11/7/2018,69.632004,26180.30078,56.477268,1226.199951
11/8/2018,70.279999,26191.2207,56.081287,1222.900024
11/9/2018,70.101997,25989.30078,58.751823,1206.400024
11/12/2018,66.255997,25387.17969,56.495682,1201.300049
11/13/2018,67.746002,25286.49023,56.965328,1199.199951
11/14/2018,68.800003,25080.5,57.527065,1207.900024
11/15/2018,69.688004,25289.26953,57.462597,1212.800049
11/16/2018,70.862,25413.2207,58.236137,1220.800049
11/19/2018,70.694,25017.43945,57.803318,1223.099976
11/20/2018,69.498001,24465.64063,57.379726,1219
11/21/2018,67.638,24464.68945,57.020576,1225.800049
11/23/2018,65.166,24285.94922,56.891659,1221
11/26/2018,69.199997,24640.24023,57.775696,1220.199951
11/27/2018,68.783997,24748.73047,58.236137,1211.199951
11/28/2018,69.573997,25366.42969,57.858578,1221.400024
11/29/2018,68.234001,25338.83984,58.05196,1224.099976
11/30/2018,70.096001,25538.46094,58.493984,1220.199951
12/3/2018,71.697998,25826.42969,58.714989,1233.900024
12/4/2018,71.940002,25027.07031,58.088799,1241.099976
12/6/2018,72.612,24947.66992,58.226925,1238.099976
12/7/2018,71.594002,24388.94922,57.748066,1246.800049
12/10/2018,73.029999,24423.25977,58.512394,1243.699951
12/11/2018,73.351997,24370.24023,59.442482,1241.900024
12/12/2018,73.32,24527.26953,60.114712,1244.400024
12/13/2018,75.358002,24597.38086,60.289684,1242.699951
12/14/2018,73.141998,24100.50977,60.013412,1237
12/17/2018,69.683998,23592.98047,57.941456,1247.400024
12/18/2018,67.405998,23675.64063,57.517853,1249.199951
12/19/2018,66.594002,23323.66016,56.983746,1252.099976
12/20/2018,63.076,22859.59961,56.154953,1263.599976
12/21/2018,63.953999,22445.36914,55.169624,1253.800049
12/24/2018,59.077999,21792.19922,53.447582,1267.5
12/26/2018,65.218002,22878.44922,54.699978,1269.199951
12/27/2018,63.226002,23138.82031,54.96703,1277.300049
12/28/2018,66.774002,23062.40039,54.902561,1279.900024
12/31/2018,66.559998,23327.46094,54.810478,1278.300049
1/2/2019,62.023998,23346.24023,54.561852,1281
1/3/2019,60.071999,22686.2207,54.304008,1291.800049
1/4/2019,63.537998,23433.16016,54.810478,1282.699951
1/7/2019,66.991997,23531.34961,55.141998,1286.800049
1/8/2019,67.07,23787.44922,55.758984,1283.199951
1/9/2019,67.706001,23879.11914,56.449638,1289.300049
1/10/2019,68.994003,24001.91992,56.928497,1284.699951
1/11/2019,69.452003,23995.94922,57.186337,1287.099976
1/14/2019,66.879997,23909.83984,56.735107,1289.099976
1/15/2019,68.886002,24065.58984,57.296844,1286.199951
1/16/2019,69.209999,24207.16016,57.213959,1291.599976
1/17/2019,69.461998,24370.09961,57.09425,1291
1/18/2019,60.452,24706.34961,57.674408,1281.300049
1/22/2019,59.784,24404.48047,57.238667,1282.5
1/23/2019,57.518002,24575.61914,57.804195,1283.099976
1/24/2019,58.301998,24553.24023,57.665131,1279.099976
1/25/2019,59.408001,24737.19922,57.331371,1297.400024
1/28/2019,59.276001,24528.2207,58.16576,1302.400024
1/29/2019,59.492001,24579.96094,59.046497,1308.199951
1/30/2019,61.754002,25014.85938,59.287537,1309.900024
1/31/2019,61.403999,24999.66992,59.964314,1319.699951
2/1/2019,62.442001,25063.89063,60.307343,1316.900024
2/4/2019,62.577999,25239.36914,60.437134,1314.300049
2/5/2019,64.269997,25411.51953,60.019939,1314.199951
2/6/2019,63.444,25390.30078,60.566929,1309.5
2/7/2019,61.501999,25169.5293,60.307343,1309.400024
2/8/2019,61.16,25106.33008,60.900688,1313.699951
2/11/2019,62.568001,25053.10938,60.993385,1307
2/12/2019,62.362,25425.75977,61.206615,1309.199951
2/13/2019,61.633999,25543.26953,61.132462,1310.800049
2/14/2019,60.754002,25439.39063,60.678185,1309.800049
2/15/2019,61.576,25883.25,61.633087,1318.099976
2/19/2019,61.127998,25891.32031,61.855583,1340.099976
2/20/2019,60.512001,25954.43945,61.6609,1343.300049
2/21/2019,58.245998,25850.63086,61.837055,1323.5
2/22/2019,58.942001,26031.81055,62.022476,1329.199951
2/25/2019,59.754002,26091.94922,61.670162,1325.900024
2/26/2019,59.571999,26057.98047,61.642345,1325.099976
2/27/2019,62.948002,25985.16016,61.067558,1317.699951
2/28/2019,63.976002,25916,61.067558,1312.800049
3/1/2019,58.958,26026.32031,61.188068,1296.400024
3/4/2019,57.071999,25819.65039,61.215893,1284.800049
3/5/2019,55.307999,25806.63086,60.92849,1282
3/6/2019,55.248001,25673.46094,60.826511,1284.900024
3/7/2019,55.318001,25473.23047,60.576195,1283.800049
3/8/2019,56.827999,25450.24023,60.585457,1297
3/11/2019,58.183998,25650.88086,61.049019,1288.800049
3/12/2019,56.672001,25554.66016,60.947037,1296.300049
3/13/2019,57.792,25702.89063,61.670162,1307.5
3/14/2019,57.992001,25709.93945,61.419849,1293.400024
3/15/2019,55.085999,25848.86914,62.300583,1301.800049
3/18/2019,53.897999,25914.09961,61.45694,1300.300049
3/19/2019,53.493999,25887.38086,60.956318,1305
3/20/2019,54.720001,25745.66992,60.362965,1300.5
3/21/2019,54.804001,25962.50977,61.030476,1306.099976
3/22/2019,52.905998,25502.32031,61.188068,1311.599976
3/25/2019,52.084,25516.83008,61.429138,1321.900024
3/26/2019,53.554001,25657.73047,62.041004,1314.300049
3/27/2019,54.966,25625.58984,62.124435,1309.900024
3/28/2019,55.723999,25717.46094,62.458199,1289.800049
3/29/2019,55.972,25928.67969,63.542904,1293
4/1/2019,57.835999,26258.41992,63.320385,1288.400024
4/2/2019,57.175999,26179.13086,63.385288,1290
4/3/2019,58.362,26218.13086,62.875389,1289.900024
4/4/2019,53.556,26384.63086,62.62508,1289
4/5/2019,54.992001,26424.99023,62.96809,1290.400024
4/8/2019,54.639999,26341.01953,63.060806,1297.099976
4/9/2019,54.462002,26150.58008,63.144245,1303.5
4/10/2019,55.212002,26157.16016,63.144245,1309.099976
4/11/2019,53.683998,26143.05078,63.12571,1288.599976
4/12/2019,53.540001,26412.30078,63.756123,1290.599976
4/15/2019,53.276001,26384.76953,63.7005,1286.800049
4/16/2019,54.672001,26452.66016,64.006462,1272.599976
4/17/2019,54.245998,26449.53906,64.071747,1272.199951
4/18/2019,54.652,26559.53906,64.696785,1271.900024
4/22/2019,52.549999,26511.05078,64.930016,1273.5
4/23/2019,52.779999,26656.39063,64.379601,1269.300049
4/24/2019,51.731998,26597.05078,64.23967,1275.5
4/25/2019,49.526001,26462.08008,64.081078,1275.800049
4/26/2019,47.028,26543.33008,66.515961,1284.900024
4/29/2019,48.293999,26554.39063,66.590576,1278.599976
4/30/2019,47.737999,26592.91016,67.905975,1282.800049
5/1/2019,46.801998,26430.14063,66.506607,1281.400024
5/2/2019,48.82,26307.78906,67.001045,1269.699951
5/3/2019,51.006001,26504.94922,67.122337,1279.199951
5/6/2019,51.068001,26438.48047,66.879776,1281.699951
5/7/2019,49.411999,25965.08984,65.778954,1283.5
5/8/2019,48.967999,25967.33008,66.226738,1279.400024
5/9/2019,48.396,25828.35938,66.096138,1283.5
5/10/2019,47.903999,25942.36914,66.70253,1285.699951
5/13/2019,45.402,25324.99023,66.758484,1300.099976
5/14/2019,46.462002,25532.05078,66.376007,1294.699951
5/15/2019,46.389999,25648.01953,66.553253,1296.300049
5/16/2019,45.666,25862.67969,67.635414,1285
5/17/2019,42.206001,25764,67.140984,1274.5
5/20/2019,41.071999,25679.90039,66.889114,1276.099976
5/21/2019,41.015999,25877.33008,66.730515,1272
5/22/2019,38.546001,25776.60938,66.730515,1273.599976
5/23/2019,39.098,25490.4707,66.93576,1284.800049
5/24/2019,38.125999,25585.68945,66.422653,1283
5/28/2019,37.740002,25347.76953,65.405777,1276.5
5/29/2019,37.972,25126.41016,65.275185,1280.599976
5/30/2019,37.644001,25169.88086,66.096138,1287.099976
5/31/2019,37.032001,24815.03906,64.948669,1305.800049
6/3/2019,35.793999,24819.7793,65.946884,1322.699951
6/4/2019,38.720001,25332.17969,66.068161,1323.400024
6/5/2019,39.318001,25539.57031,67.094345,1328.300049
6/6/2019,41.189999,25720.66016,68.204514,1337.599976
6/7/2019,40.900002,25983.93945,69.025459,1341.199951
6/10/2019,42.576,26062.67969,68.12986,1324.699951
6/11/2019,43.419998,26048.50977,68.409744,1326.400024
6/12/2019,41.852001,26004.83008,68.148529,1331.900024
6/13/2019,42.782001,26106.76953,67.868668,1339.199951
6/14/2019,42.984001,26089.60938,68.428398,1340.099976
6/17/2019,45.006001,26112.5293,68.484375,1338.699951
6/18/2019,44.948002,26465.53906,67.99926,1346.599976
6/19/2019,45.285999,26504,68.596329,1344.599976
6/20/2019,43.924,26753.16992,68.661629,1392.900024
6/21/2019,44.372002,26719.13086,68.055237,1396.199951
6/24/2019,44.728001,26727.53906,69.006805,1414.300049
6/25/2019,43.952,26548.2207,68.950829,1414.900024
6/26/2019,43.854,26536.82031,67.495499,1411.599976
6/27/2019,44.568001,26526.58008,67.299576,1408.400024
6/28/2019,44.692001,26599.96094,66.861115,1409.699951
7/1/2019,45.433998,26717.42969,67.243614,1385.599976
7/2/2019,44.91,26786.67969,67.859322,1404.599976
7/3/2019,46.98,26966,69.03479,1417.699951
7/5/2019,46.619999,26922.11914,68.232475,1396.699951
7/8/2019,46.068001,26806.14063,68.456375,1397
7/9/2019,46.012001,26783.49023,68.204514,1397.5
7/10/2019,47.784,26860.19922,68.558998,1410.099976
7/11/2019,47.720001,27088.08008,68.932159,1404.300049
7/12/2019,49.015999,27332.0293,69.389297,1409.900024
7/15/2019,50.700001,27359.16016,69.03479,1411.400024
7/16/2019,50.476002,27335.63086,69.501236,1409.199951
7/17/2019,50.972,27219.84961,69.200974,1421.300049
7/18/2019,50.708,27222.9707,69.322952,1426.099976
7/19/2019,51.636002,27154.19922,68.215736,1425.099976
7/22/2019,51.136002,27171.90039,67.887329,1425.300049
7/23/2019,52.034,27349.18945,67.821663,1420.099976
7/24/2019,52.976002,27269.9707,66.883331,1422.800049
7/25/2019,45.764,27140.98047,67.493248,1413.900024
7/26/2019,45.608002,27192.44922,69.144691,1418.5
7/29/2019,47.153999,27221.34961,70.90873,1419.599976
7/30/2019,48.452,27198.01953,70.129906,1429.699951
7/31/2019,48.321999,26864.26953,67.314957,1426.099976
8/1/2019,46.77,26583.41992,66.864555,1420.900024
8/2/2019,46.868,26485.00977,66.808258,1445.599976
8/5/2019,45.664001,25717.74023,64.556313,1464.599976
8/6/2019,46.150002,26029.51953,65.541534,1472.400024
8/7/2019,46.683998,26007.07031,66.095139,1507.300049
8/8/2019,47.66,26378.18945,67.286804,1497.699951
8/9/2019,47.001999,26287.43945,67.108521,1496.599976
8/12/2019,45.801998,25896.43945,66.367249,1505.300049
8/13/2019,47,26279.91016,67.268044,1502.199951
8/14/2019,43.924,25479.41992,66.170204,1515.900024
8/15/2019,43.127998,25579.39063,66.967789,1519.599976
8/16/2019,43.987999,25886.00977,67.821663,1512.5
8/19/2019,45.366001,26135.78906,68.572311,1500.400024
8/20/2019,45.172001,25962.43945,68.065613,1504.599976
8/21/2019,44.166,26202.73047,68.131287,1504.599976
8/22/2019,44.43,26252.24023,68.534767,1497.300049
8/23/2019,42.279999,25628.90039,67.774734,1526.599976
8/26/2019,43,25898.83008,68.281403,1526.300049
8/27/2019,42.816002,25777.90039,68.910103,1541
8/28/2019,43.118,26036.09961,69.435555,1537.800049
8/29/2019,44.341999,26362.25,69.623222,1526.5
8/30/2019,45.122002,26403.2793,69.576309,1519.099976
9/3/2019,45.001999,26118.01953,69.726433,1545.900024
9/4/2019,44.136002,26355.4707,70.251877,1550.300049
9/5/2019,45.916,26728.15039,69.707657,1515.400024
9/6/2019,45.490002,26797.46094,70.092361,1506.199951
9/9/2019,46.358002,26835.50977,68.675514,1502.199951
9/10/2019,47.108002,26909.42969,67.671509,1490.300049
9/11/2019,49.419998,27137.03906,68.356483,1494.400024
9/12/2019,49.174,27182.44922,67.831024,1498.699951
9/13/2019,49.040001,27219.51953,66.348488,1490.900024
9/16/2019,48.562,27076.82031,65.147446,1503.099976
9/17/2019,48.958,27110.80078,65.550919,1505.099976
9/18/2019,48.698002,27147.08008,66.386024,1507.5
9/19/2019,49.32,27094.78906,66.573692,1498.400024
9/20/2019,48.124001,26935.07031,66.573692,1507.300049
9/23/2019,48.245998,26949.99023,67.089752,1523.699951
9/24/2019,44.641998,26807.76953,68.018684,1532.099976
9/25/2019,45.740002,26970.71094,67.784111,1504.599976
9/26/2019,48.512001,26891.11914,68.23452,1507.5
9/27/2019,48.425999,26820.25,68.741203,1499.099976
9/30/2019,48.174,26916.83008,68.975777,1465.699951
10/1/2019,48.938,26573.03906,67.305565,1482
10/2/2019,48.625999,26078.61914,66.170204,1501
10/3/2019,46.605999,26201.03906,66.498634,1507.099976
10/4/2019,46.285999,26573.7207,67.624596,1506.199951
10/7/2019,47.543999,26478.01953,67.202347,1497.699951
10/8/2019,48.009998,26164.03906,66.320343,1497.199951
10/9/2019,48.905998,26346.00977,66.273422,1506.099976
10/10/2019,48.948002,26496.66992,66.404793,1494.800049
10/11/2019,49.577999,26816.58984,66.160828,1482.699951
10/14/2019,51.391998,26787.35938,65.128677,1491.699951
10/15/2019,51.577999,27024.80078,64.180969,1477.599976
10/16/2019,51.950001,27001.98047,63.66489,1488
10/17/2019,52.394001,27025.88086,63.880711,1492.300049
10/18/2019,51.389999,26770.19922,63.833794,1488.199951
10/21/2019,50.700001,26827.64063,64.087135,1482.400024
10/22/2019,51.116001,26788.09961,63.322296,1481.699951
10/23/2019,50.936001,26833.94922,63.775524,1489.900024
10/24/2019,59.936001,26805.5293,64.53093,1498.900024
10/25/2019,65.625999,26958.06055,64.597046,1499.5
10/28/2019,65.542,27090.7207,63.596127,1490
10/29/2019,63.243999,27071.46094,64.134361,1487
10/30/2019,63.001999,27186.68945,64.757568,1493.199951
10/31/2019,62.984001,27046.23047,64.776436,1511.400024
11/1/2019,62.661999,27347.35938,63.086212,1508
11/4/2019,63.493999,27462.10938,61.764248,1508
11/5/2019,63.444,27492.63086,62.283604,1480.800049
11/6/2019,65.316002,27492.56055,62.812374,1490.199951
11/7/2019,67.108002,27674.80078,63.142883,1464.199951
11/8/2019,67.428001,27681.24023,62.916252,1461.300049
11/11/2019,69.017998,27691.49023,62.831272,1455.5
11/12/2019,69.986,27691.49023,62.92569,1452.099976
11/13/2019,69.222,27783.58984,63.152321,1461.699951
11/14/2019,69.870003,27781.96094,62.92569,1471.800049
11/15/2019,70.433998,28004.89063,62.670746,1467.300049
11/18/2019,69.998001,28036.2207,63.388382,1470.900024
11/19/2019,71.903999,27934.01953,63.416714,1473.300049
11/20/2019,70.444,27821.08984,63.46394,1473.300049
11/21/2019,70.966003,27766.28906,63.029556,1463.099976
11/22/2019,66.608002,27875.61914,62.991795,1463.099976
11/25/2019,67.267998,28066.4707,63.246758,1456.599976
11/26/2019,65.783997,28121.67969,64.011604,1459.800049
11/27/2019,66.258003,28164,63.907742,1453.400024
11/29/2019,65.987999,28051.41016,64.039925,1465.599976
12/2/2019,66.973999,27783.03906,63.80386,1462.300049
12/3/2019,67.239998,27502.81055,63.548908,1478.199951
12/4/2019,66.606003,27649.7793,64.285439,1474
12/5/2019,66.073997,27677.78906,64.039925,1476.900024
12/6/2019,67.178001,28015.06055,64.436508,1459.099976
12/9/2019,67.905998,27909.59961,64.776436,1459.300049
12/10/2019,69.767998,27881.7207,64.143784,1462.599976
12/11/2019,70.540001,27911.30078,63.699978,1469.400024
12/12/2019,71.935997,28132.05078,63.482815,1466.699951
12/13/2019,71.678001,28135.38086,64.861443,1475.599976
12/16/2019,76.300003,28235.89063,65.031403,1475
12/17/2019,75.797997,28267.16016,64.058823,1474.599976
12/18/2019,78.629997,28239.2793,64.464844,1472.599976
12/19/2019,80.807999,28376.96094,64.53093,1478.199951
12/20/2019,81.117996,28455.08984,65.012512,1474.699951
12/23/2019,83.844002,28551.5293,64.889763,1482.5
12/24/2019,85.050003,28515.44922,64.72924,1499.099976
12/26/2019,86.188004,28621.39063,64.757568,1509.300049
12/27/2019,86.075996,28645.25977,65.32412,1513.800049
12/30/2019,82.940002,28462.14063,64.955856,1514.5
12/31/2019,83.666,28538.43945,65.003067,1519.5
1/2/2020,86.052002,28868.80078,64.323219,1524.5
1/3/2020,88.601997,28634.88086,64.228783,1549.199951
1/6/2020,90.307999,28703.38086,64.672585,1566.199951
1/7/2020,93.811996,28583.67969,63.784973,1571.800049
1/8/2020,98.428001,28745.08984,65.409119,1557.400024
1/9/2020,96.267998,28956.90039,65.966217,1551.699951
1/10/2020,95.629997,28823.76953,66.240067,1557.5
1/13/2020,104.972,28907.05078,66.230606,1548.400024
1/14/2020,107.584,28939.66992,66.372253,1542.400024
1/15/2020,103.699997,29030.2207,66.853836,1552.099976
1/16/2020,102.697998,29297.64063,66.80661,1549
1/17/2020,102.099998,29348.09961,67.212639,1558.800049
1/21/2020,109.440002,29196.03906,67.316521,1556.400024
1/22/2020,113.912003,29186.26953,67.003029,1555.300049
1/23/2020,114.440002,29160.08984,67.079018,1564.599976
1/24/2020,112.963997,28989.73047,66.784515,1571.099976
1/27/2020,111.603996,28535.80078,66.594521,1576.800049
1/28/2020,113.379997,28722.84961,66.224022,1569.199951
1/29/2020,116.197998,28734.44922,65.388031,1569.800049
1/30/2020,128.162003,28859.43945,65.996025,1583.5
1/31/2020,130.113998,28256.0293,70.090492,1582.900024
2/3/2020,156,28399.81055,71.182991,1577.199951
2/4/2020,177.412003,28807.63086,71.629501,1550.400024
2/5/2020,146.940002,29290.84961,71.942978,1557.800049
2/6/2020,149.792007,29379.76953,72.49398,1565.099976
2/7/2020,149.613998,29102.50977,72.227982,1568.599976
2/10/2020,154.255997,29276.82031,73.481979,1574.699951
2/11/2020,154.876007,29276.33984,72.30397,1565.599976
2/12/2020,153.457993,29551.41992,72.151978,1567.400024
2/13/2020,160.800003,29423.31055,72.550987,1575.099976
2/14/2020,160.005997,29398.08008,72.85498,1582.699951
2/18/2020,171.679993,29232.18945,72.265976,1600
2/19/2020,183.483994,29348.0293,71.762489,1607.5
2/20/2020,179.882004,29219.98047,71.401482,1616.599976
2/21/2020,180.199997,28992.41016,72.455978,1644.599976
2/24/2020,166.757996,27960.80078,70.698486,1672.400024
2/25/2020,159.981995,27081.35938,70.109497,1646.900024
2/26/2020,155.759995,26957.58984,69.273506,1640
2/27/2020,135.800003,25766.64063,66.642021,1640
2/28/2020,133.598007,25409.35938,64.19104,1564.099976
3/2/2020,148.723999,26703.32031,68.81752,1592.300049
3/3/2020,149.102005,25917.41016,68.190506,1642.099976
3/4/2020,149.899994,27090.85938,71.600983,1641.099976
3/5/2020,144.908005,26121.2793,68.722496,1666.400024
3/6/2020,140.695999,25864.7793,68.884003,1670.800049
3/9/2020,121.599998,23851.01953,66.490013,1674.5
3/10/2020,129.065994,25018.16016,68.219017,1659.099976
3/11/2020,126.846001,23553.2207,65.454529,1641.400024
3/12/2020,112.110001,21200.61914,60.695065,1589.300049
3/13/2020,109.323997,23185.61914,65.644539,1515.699951
3/16/2020,89.014,20188.51953,59.222584,1485.900024
3/17/2020,86.040001,21237.38086,66.689522,1524.900024
3/18/2020,72.244003,19898.91992,64.305046,1477.300049
3/19/2020,85.528,20087.18945,63.317039,1478.599976
3/20/2020,85.505997,19173.98047,58.975582,1484
3/23/2020,86.858002,18591.92969,57.446091,1567
3/24/2020,101,20704.91016,58.120586,1660.199951
3/25/2020,107.849998,21200.55078,56.895092,1632.300049
3/26/2020,105.632004,22552.16992,60.628567,1650.099976
3/27/2020,102.872002,21636.7793,61.996559,1623.900024
3/30/2020,100.426003,22327.48047,63.250549,1622
3/31/2020,104.800003,21917.16016,63.041553,1583.400024
4/1/2020,96.311996,20943.50977,62.272049,1578.199951
4/2/2020,90.893997,21413.43945,64.761024,1625.699951
4/3/2020,96.001999,21052.5293,64.238541,1633.699951
4/6/2020,103.248001,22679.99023,66.974518,1677
4/7/2020,109.089996,22653.85938,65.587532,1664.800049
4/8/2020,109.767998,23433.57031,66.708527,1665.400024
4/9/2020,114.599998,23719.36914,66.414032,1736.199951
4/13/2020,130.190002,23390.76953,66.01503,1744.800049
4/14/2020,141.977997,23949.75977,69.454002,1756.699951
4/15/2020,145.966003,23504.34961,69.017014,1727.199951
4/16/2020,149.042007,23537.67969,69.197502,1720.400024
4/17/2020,150.778,24242.49023,70.172386,1689.199951
4/20/2020,149.272003,23650.43945,68.968124,1701.599976
4/21/2020,137.343994,23018.88086,67.486687,1678.199951
4/22/2020,146.421997,23475.82031,68.060135,1728.699951
4/23/2020,141.126007,23515.25977,68.079247,1733.300049
4/24/2020,145.029999,23775.26953,68.241737,1723.5
4/27/2020,159.75,24133.7793,67.888107,1711.900024
4/28/2020,153.824005,24101.55078,67.964569,1710.5
4/29/2020,160.102005,24633.85938,67.056595,1703.400024
4/30/2020,156.376007,24345.7207,67.161728,1684.199951
5/1/2020,140.264008,23723.68945,65.498688,1694.5
5/4/2020,152.238007,23749.75977,66.406662,1706.900024
5/5/2020,153.641998,23883.08984,66.444901,1704.400024
5/6/2020,156.516006,23664.64063,64.839188,1684.199951
5/7/2020,156.007996,23875.89063,65.756752,1721.800049
5/8/2020,163.884003,24331.32031,66.301537,1709.900024
5/11/2020,162.257996,24221.99023,66.311081,1695.300049
5/12/2020,161.882004,23764.7793,65.689842,1704.400024
5/13/2020,158.192001,23247.9707,65.278862,1713.900024
5/14/2020,160.666,23625.33984,64.093712,1738.099976
5/15/2020,159.834,23685.41992,65.900108,1753.400024
5/18/2020,162.725998,24597.36914,67.11393,1731.800049
5/19/2020,161.602005,24206.85938,66.186844,1744.199951
5/20/2020,163.112,24575.90039,67.352882,1750.599976
5/21/2020,165.520004,24474.11914,67.152161,1720.5
5/22/2020,163.376007,24465.16016,67.620491,1734.599976
5/26/2020,163.774002,24995.10938,66.358887,1704.800049
5/27/2020,164.046005,25548.26953,67.46756,1710.300049
5/28/2020,161.162003,25400.64063,68.901207,1713.300049
5/29/2020,167,25383.10938,69.1306,1736.900024
6/1/2020,179.619995,25475.01953,69.512924,1737.800049
6/2/2020,176.311996,25742.65039,69.235748,1725.199951
6/3/2020,176.591995,26269.89063,68.48069,1697.800049
6/4/2020,172.876007,26281.82031,67.620491,1718.900024
6/5/2020,177.132004,27110.98047,69.19751,1676.199951
6/8/2020,189.983994,27572.43945,70.258408,1698.300049
6/9/2020,188.134003,27272.30078,70.038582,1714.699951
6/10/2020,205.009995,26989.99023,71.070808,1713.300049
6/11/2020,194.567993,25128.16992,69.866547,1732
6/12/2020,187.056,25605.53906,69.570244,1729.300049
6/15/2020,198.179993,25763.16016,69.665825,1720.300049
6/16/2020,196.425995,26289.98047,70.277519,1729.599976
6/17/2020,198.358002,26119.60938,70.545135,1729.199951
6/18/2020,200.792007,26080.09961,70.353981,1724.800049
6/19/2020,200.179993,25871.46094,70.115036,1745.900024
6/22/2020,198.863998,26024.96094,69.866547,1756.699951
6/23/2020,200.356003,26156.09961,69.694511,1772.099976
6/24/2020,192.169998,25445.93945,68.843864,1765.800049
6/25/2020,197.195999,25745.59961,69.426895,1762.099976
6/26/2020,191.947998,25015.55078,68.356422,1772.5
6/29/2020,201.869995,25595.80078,69.226173,1774.800049
6/30/2020,215.962006,25812.88086,70.019463,1793
7/1/2020,223.925995,25734.9707,69.799629,1773.199951
7/2/2020,241.731995,25827.35938,70.038582,1784
7/6/2020,274.31601,26287.0293,70.201057,1788.5
7/7/2020,277.971985,25890.17969,70.698051,1804.199951
7/8/2020,273.175995,26067.2793,71.195053,1815.5
7/9/2020,278.855988,25706.08984,70.076797,1799.199951
7/10/2020,308.929993,26075.30078,70.420876,1798.199951
7/13/2020,299.411987,26085.80078,70.210609,1811
7/14/2020,303.359985,26642.58984,71.539131,1810.599976
7/15/2020,309.201996,26870.09961,71.386215,1811.400024
7/16/2020,300.127991,26734.71094,71.663383,1798.699951
7/17/2020,300.167999,26671.94922,72.297913,1808.300049
7/20/2020,328.600006,26680.86914,71.336494,1815.900024
7/21/2020,313.671997,26840.40039,71.182693,1842.400024
7/22/2020,318.466003,27005.83984,71.278824,1864.099976
7/23/2020,302.614014,26652.33008,71.365356,1889.099976
7/24/2020,283.399994,26469.89063,71.451881,1897.300049
7/27/2020,307.920013,26584.76953,71.769135,1931
7/28/2020,295.298004,26379.2793,72.788223,1944.699951
7/29/2020,299.821991,26539.57031,73.259323,1953.5
7/30/2020,297.497986,26313.65039,73.903473,1942.300049
7/31/2020,286.152008,26428.32031,74.220726,1962.800049
8/3/2020,297,26664.40039,73.615044,1966
8/4/2020,297.399994,26828.4707,73.807327,2001.199951
8/5/2020,297.003998,27201.51953,73.240089,2031.099976
8/6/2020,297.915985,27386.98047,72.932442,2051.5
8/7/2020,290.541992,27433.48047,73.297775,2010.099976
8/10/2020,283.713989,27791.43945,73.691956,2024.400024
8/11/2020,274.877991,27686.91016,73.02858,1932.599976
8/12/2020,310.951996,27976.83984,74.259193,1934.900024
8/13/2020,324.200012,27896.7207,74.009216,1956.699951
8/14/2020,330.141998,27931.01953,74.076523,1937
8/17/2020,367.127991,27844.91016,74.230339,1985
8/18/2020,377.417999,27778.07031,74.653366,1999.400024
8/19/2020,375.705994,27692.88086,74.941788,1958.699951
8/20/2020,400.365997,27739.73047,75.230209,1933.800049
8/21/2020,409.996002,27930.33008,75.653236,1934.599976
8/24/2020,402.839996,28308.46094,76.076248,1927.699951
8/25/2020,404.667999,28248.43945,75.557076,1911.800049
8/26/2020,430.634003,28331.91992,75.614769,1940.699951
8/27/2020,447.75,28492.26953,76.008934,1921.599976
8/28/2020,442.679993,28653.86914,76.306992,1964.599976
8/31/2020,498.320007,28430.05078,76.201233,1967.599976
9/1/2020,475.049988,28645.66016,75.076378,1968.199951
9/2/2020,447.369995,29100.5,76.40313,1934.400024
9/3/2020,407,28292.73047,74.672585,1927.599976
9/4/2020,418.320007,28133.31055,74.230339,1923.900024
9/8/2020,330.209991,27500.89063,72.720932,1933
9/9/2020,366.279999,27940.4707,74.576447,1944.699951
9/10/2020,371.339996,27534.58008,73.461212,1954.199951
9/11/2020,372.720001,27665.64063,73.788094,1937.800049
9/14/2020,419.619995,27993.33008,74.172668,1953.099976
9/15/2020,449.76001,27995.59961,73.970772,1956.300049
9/16/2020,441.76001,28032.38086,73.941925,1960.199951
9/17/2020,423.429993,27901.98047,73.749641,1940
9/18/2020,442.149994,27657.41992,72.903603,1952.099976
9/21/2020,449.390015,27147.69922,72.288292,1901.199951
9/22/2020,424.230011,27288.17969,73.134331,1898.599976
9/23/2020,380.359985,26763.13086,72.240227,1859.900024
9/24/2020,387.790009,26815.43945,72.836296,1868.300049
9/25/2020,407.339996,27173.96094,73.018959,1857.699951
9/28/2020,421.200012,27584.06055,73.653496,1872.800049
9/29/2020,419.070007,27452.66016,73.278549,1894.300049
9/30/2020,429.01001,27781.69922,74.172668,1887.5
10/1/2020,448.160004,27816.90039,74.086143,1908.400024
10/2/2020,415.089996,27682.81055,74.41301,1900.199951
10/5/2020,425.679993,28148.64063,75.393646,1912.5
10/6/2020,413.980011,27772.75977,74.547607,1901.099976
10/7/2020,425.299988,28303.46094,75.114838,1883.599976
10/8/2020,425.920013,28425.50977,75.701294,1888.599976
10/9/2020,434,28586.90039,76.691544,1919.5
10/12/2020,442.299988,28837.51953,77.518372,1922.5
10/13/2020,446.649994,28679.81055,77.162651,1888.5
10/14/2020,461.299988,28514,76.778076,1901.300049
10/15/2020,448.880005,28494.19922,76.633865,1903.199951
10/16/2020,439.670013,28606.31055,77.210709,1900.800049
10/19/2020,430.829987,28195.41992,76.153168,1906.400024
10/20/2020,421.940002,28308.78906,76.749237,1910.400024
10/21/2020,422.640015,28210.82031,77.104942,1924.599976
10/22/2020,425.790009,28363.66016,76.650612,1901.099976
10/23/2020,420.630005,28335.57031,76.698936,1902
10/26/2020,420.279999,27685.38086,76.070587,1902.699951
10/27/2020,424.679993,27463.18945,76.22525,1908.800049
10/28/2020,406.019989,26519.94922,74.301491,1876.199951
10/29/2020,410.829987,26659.10938,74.117813,1865.599976
10/30/2020,388.040009,26501.59961,76.263916,1877.400024
11/2/2020,400.51001,26925.05078,77.491646,1890.400024
11/3/2020,423.899994,27480.0293,80.343452,1908.5
11/4/2020,420.980011,27847.66016,81.068481,1894.599976
11/5/2020,438.089996,28390.17969,80.246773,1945.300049
11/6/2020,429.950012,28323.40039,80.266113,1950.300049
11/9/2020,421.26001,29157.9707,79.057716,1853.199951
11/10/2020,410.359985,29420.91992,80.575447,1875.400024
11/11/2020,417.130005,29397.63086,82.102859,1860.699951
11/12/2020,411.76001,29080.16992,81.909523,1872.599976
11/13/2020,408.5,29479.81055,82.518547,1885.699951
11/16/2020,408.089996,29950.43945,83.069565,1887.300049
11/17/2020,441.609985,29783.34961,82.508873,1884.5
11/18/2020,486.640015,29438.41992,81.793518,1873.5
11/19/2020,499.269989,29483.23047,82.53788,1861.099976
11/20/2020,489.609985,29263.48047,82.325211,1872.599976
11/23/2020,521.849976,29591.26953,81.725845,1837.800049
11/24/2020,555.380005,30046.24023,81.890182,1804.800049
11/25/2020,574,29872.4707,81.928841,1805.699951
11/27/2020,585.76001,29910.36914,82.073853,1781.900024
11/30/2020,567.599976,29638.64063,82.789223,1775.699951
12/1/2020,584.76001,29823.91992,83.388588,1814.099976
12/2/2020,568.820007,29883.78906,82.885887,1825.699951
12/3/2020,593.380005,29969.51953,82.35421,1836.800049
12/4/2020,599.039978,30218.25977,82.199532,1835.900024
12/7/2020,641.76001,30069.78906,82.547546,1861.800049
12/8/2020,649.880005,30173.88086,82.334869,1870.800049
12/9/2020,604.47998,30068.81055,81.928841,1834.599976
12/10/2020,627.070007,29999.25977,81.774178,1833.599976
12/11/2020,609.98999,30046.36914,81.861176,1839.800049
12/14/2020,639.830017,29861.55078,81.387497,1828.699951
12/15/2020,633.25,30199.31055,81.928841,1852.300049
12/16/2020,622.77002,30154.53906,82.209198,1856.099976
12/17/2020,655.900024,30303.36914,82.808556,1887.199951
12/18/2020,695,30179.05078,83.069565,1885.699951
12/21/2020,649.859985,30216.44922,82.470207,1879.199951
12/22/2020,640.340027,30015.50977,81.5905,1866.599976
12/23/2020,645.97998,30129.83008,81.619499,1874.699951
12/24/2020,661.77002,30199.86914,82.209198,1879.900024
12/28/2020,663.690002,30403.9707,82.566895,1877.199951
12/29/2020,665.98999,30335.66992,82.199532,1879.699951
12/30/2020,694.780029,30409.56055,81.909523,1891
12/31/2020,705.669983,30606.48047,82.663551,1893.099976
1/4/2021,729.77002,30223.89063,81.522827,1944.699951
1/5/2021,735.109985,30391.59961,81.706512,1952.699951
1/6/2021,755.97998,30829.40039,79.512062,1906.900024
1/7/2021,816.039978,31041.13086,79.077057,1912.300049
1/8/2021,880.02002,31097.9707,79.608734,1834.099976
1/11/2021,811.190002,31008.68945,79.405739,1849.599976
1/12/2021,849.440002,31068.68945,79.521736,1842.900024
1/13/2021,854.409973,31060.4707,79.74408,1853.599976
1/14/2021,845,30991.51953,79.212395,1850.300049
1/15/2021,826.159973,30814.25977,79.154388,1829.300049
1/19/2021,844.549988,30930.51953,78.158669,1839.5
1/20/2021,850.450012,31188.38086,77.530304,1865.900024
1/21/2021,844.98999,31176.00977,76.640938,1865.300049
1/22/2021,846.640015,30996.98047,76.009064,1855.699951
1/25/2021,880.799988,30960,76.417351,1854.900024
1/26/2021,883.090027,30937.03906,76.553452,1850.699951
1/27/2021,864.159973,30303.16992,75.853531,1844.900024
1/28/2021,835.429993,30603.35938,76.942291,1837.900024
1/29/2021,793.530029,29982.61914,75.824364,1847.300049
2/1/2021,839.809998,30211.91016,76.329865,1860.800049
2/2/2021,872.789978,30687.48047,76.650658,1830.5
2/3/2021,854.690002,30723.59961,76.679817,1832.199951
2/4/2021,849.98999,31055.85938,76.728432,1788.900024
2/5/2021,852.22998,31148.24023,77.642212,1810.900024
2/8/2021,863.419983,31385.75977,77.476936,1831.900024
2/9/2021,849.460022,31375.83008,76.504837,1835.300049
2/10/2021,804.820007,31437.80078,76.903404,1840.599976
2/11/2021,811.659973,31430.69922,76.222931,1824.900024
2/12/2021,816.119995,31458.40039,76.242378,1821.599976
2/16/2021,796.219971,31522.75,76.009064,1797.199951
2/17/2021,798.150024,31613.01953,76.25209,1771.099976
2/18/2021,787.380005,31493.33984,76.524277,1773.400024
2/19/2021,781.299988,31494.32031,75.046684,1775.800049
2/22/2021,714.5,31521.68945,75.114723,1806.699951
2/23/2021,698.840027,31537.34961,75.328583,1804.400024
2/24/2021,742.02002,31961.85938,74.502304,1796.400024
2/25/2021,682.219971,31402.00977,74.550911,1774.400024
2/26/2021,675.5,30932.36914,73.10247,1728.099976
3/1/2021,718.429993,31535.50977,73.49131,1722.5
3/2/2021,686.440002,31391.51953,73.316322,1733.099976
3/3/2021,653.200012,31270.08984,72.528923,1715.300049
3/4/2021,621.440002,30924.14063,72.36367,1700.199951
3/5/2021,597.950012,31496.30078,73.938477,1698
3/8/2021,563,31802.43945,74.317596,1677.699951
3/9/2021,673.580017,31832.74023,72.849731,1716.599976
3/10/2021,668.059998,32297.01953,73.685738,1721.5
3/11/2021,699.599976,32485.58984,73.170502,1722.300049
3/12/2021,693.72998,32778.64063,73.403816,1719.5
3/15/2021,707.940002,32953.46094,73.569084,1728.900024
3/16/2021,676.880005,32825.94922,73.744057,1730.599976
3/17/2021,701.809998,33015.37109,73.685738,1726.800049
3/18/2021,653.159973,32862.30078,73.948204,1732.199951
3/19/2021,654.869995,32627.9707,72.888603,1741.400024
3/22/2021,670,32731.19922,73.65657,1737.800049
3/23/2021,662.159973,32423.15039,75.581345,1724.699951
3/24/2021,630.27002,32420.06055,75.600777,1732.900024
3/25/2021,640.390015,32619.48047,75.71743,1724.900024
3/26/2021,618.710022,33072.87891,77.010338,1732.199951
3/29/2021,611.289978,33171.37109,77.671364,1712.099976
3/30/2021,635.619995,33066.96094,77.117264,1683.900024
3/31/2021,667.929993,32981.55078,76.63121,1713.800049
4/1/2021,661.75,33153.21094,76.359024,1726.5
4/5/2021,691.049988,33527.19141,77.311684,1727
4/6/2021,691.619995,33430.23828,77.632484,1741.5
4/7/2021,670.969971,33446.26172,77.399185,1740.099976
4/8/2021,683.799988,33503.57031,77.418625,1756.800049
4/9/2021,677.02002,33800.60156,77.554718,1743.300049
4/12/2021,701.97998,33745.39844,77.924126,1731.199951
4/13/2021,762.320007,33677.26953,77.506111,1746.199951
4/14/2021,732.22998,33730.89063,77.185318,1734.900024
4/15/2021,738.849976,34035.98828,78.215744,1765.400024
4/16/2021,739.780029,34200.67188,78.449059,1779
4/19/2021,714.630005,34077.62891,78.128265,1769.400024
4/20/2021,718.98999,33821.30078,79.506653,1777.300049
4/21/2021,744.119995,34137.30859,79.330688,1792.300049
4/22/2021,719.690002,33815.89844,79.232925,1781.199951
4/23/2021,729.400024,34043.48828,78.001175,1777
4/26/2021,738.200012,33981.57031,77.502609,1779.199951
4/27/2021,704.73999,33984.92969,76.798744,1778
4/28/2021,694.400024,33820.37891,77.004044,1773.199951
4/29/2021,677,34060.35938,78.030502,1768.099976
4/30/2021,709.440002,33874.85156,78.890778,1767.300049
5/3/2021,684.900024,34113.23047,79.25248,1791.400024
5/4/2021,673.599976,34133.03125,79.272018,1775.800049
5/5/2021,670.940002,34230.33984,79.496872,1784.099976
5/6/2021,663.539978,34548.53125,80.464684,1815.5
5/7/2021,672.369995,34777.76172,80.337585,1831.099976
5/10/2021,629.039978,34742.82031,81.471581,1837.5
5/11/2021,617.200012,34269.16016,80.591759,1835.900024
5/12/2021,589.890015,33587.66016,80.21051,1822.599976
5/13/2021,571.690002,34021.44922,81.393379,1823.800049
5/14/2021,589.73999,34382.12891,81.686653,1837.900024
5/17/2021,576.830017,34327.78906,81.676888,1867.5
5/18/2021,577.869995,34060.66016,81.246742,1867.800049
5/19/2021,563.460022,33896.03906,81.344498,1881.300049
5/20/2021,586.780029,34084.14844,82.204773,1881.800049
5/21/2021,580.880005,34207.83984,82.341637,1876.699951
5/24/2021,606.440002,34393.98047,82.50782,1884.599976
5/25/2021,604.690002,34312.46094,82.693558,1898.099976
5/26/2021,619.130005,34323.05078,82.53714,1901.300049
5/27/2021,630.849976,34464.64063,81.813736,1895.699951
5/28/2021,625.219971,34529.44922,81.901718,1902.5
6/1/2021,623.900024,34575.30859,80.630882,1902.900024
6/2/2021,605.119995,34600.37891,81.021896,1907.5
6/3/2021,572.840027,34577.03906,82.067902,1871.199951
6/4/2021,599.049988,34756.39063,82.087456,1889.800049
6/7/2021,605.130005,34630.23828,82.019035,1896.800049
6/8/2021,603.590027,34599.82031,81.070778,1892.199951
6/9/2021,598.780029,34447.14063,80.709068,1893.199951
6/10/2021,610.119995,34466.23828,81.725754,1894.199951
6/11/2021,609.890015,34479.60156,81.755074,1877.400024
6/14/2021,617.690002,34393.75,81.540016,1864
6/15/2021,599.359985,34299.32813,81.403145,1854.5
6/16/2021,604.869995,34033.67188,80.112747,1859.5
6/17/2021,616.599976,33823.44922,80.581985,1773.800049
6/18/2021,623.309998,33290.07813,79.203598,1767.900024
6/21/2021,620.830017,33876.96875,79.614189,1781.800049
6/22/2021,623.710022,33945.57813,79.467545,1776.300049
6/23/2021,656.570007,33874.23828,78.450867,1782.300049
6/24/2021,679.820007,34196.82031,78.753906,1775.599976
6/25/2021,671.869995,34433.83984,79.633736,1776.599976
6/28/2021,688.719971,34283.26953,79.887909,1779.599976
6/29/2021,680.76001,34292.28906,79.428444,1762.800049
6/30/2021,679.700012,34502.51172,79.526199,1770.800049
7/1/2021,677.919983,34633.53125,79.907455,1775.900024
7/2/2021,678.900024,34786.35156,79.868347,1782.599976
7/6/2021,659.580017,34577.37109,80.132309,1793.5
7/7/2021,644.650024,34681.78906,80.806839,1801.5
7/8/2021,652.809998,34421.92969,80.494003,1799.599976
7/9/2021,656.950012,34870.16016,80.581985,1810
7/12/2021,685.700012,34996.17969,81.070778,1805.5
7/13/2021,668.539978,34888.78906,80.787277,1809.400024
7/14/2021,653.380005,34933.23047,81.364059,1824.300049
7/15/2021,650.599976,34987.01953,81.755074,1828.400024
7/16/2021,644.219971,34687.85156,82.498047,1814.5
7/19/2021,646.219971,33962.03906,82.087456,1808.699951
7/20/2021,660.5,34511.98828,81.271698,1810.900024
7/21/2021,655.289978,34798,80.770439,1802.900024
7/22/2021,649.26001,34823.35156,80.436272,1805
7/23/2021,643.380005,35061.55078,81.851578,1801.400024
7/26/2021,657.619995,35144.30859,82.64769,1798.699951
7/27/2021,644.780029,35058.51953,82.510086,1799.5
7/28/2021,646.97998,34930.92969,81.753288,1799.5
7/29/2021,677.349976,35084.53125,82.087456,1831.199951
7/30/2021,687.200012,34935.46875,78.136414,1812.599976
8/2/2021,709.669983,34838.16016,78.175728,1818.099976
8/3/2021,709.73999,35116.39844,78.057785,1810.099976
8/4/2021,710.919983,34792.67188,76.907852,1810.5
8/5/2021,714.630005,35064.25,77.546707,1805.099976
8/6/2021,699.099976,35208.51172,77.281326,1760
8/9/2021,713.76001,35101.85156,76.9963,1723.400024
8/10/2021,709.98999,35264.67188,77.379616,1728.800049
8/11/2021,707.820007,35484.96875,77.743271,1750.400024
8/12/2021,722.25,35499.85156,77.438591,1749
8/13/2021,717.169983,35515.37891,78.077446,1775.199951
8/16/2021,686.169983,35625.39844,78.411613,1786.900024
8/17/2021,665.710022,35343.28125,78.657326,1785
8/18/2021,688.98999,34960.69141,76.819397,1781.599976
8/19/2021,673.469971,34894.12109,77.615509,1780.199951
8/20/2021,680.26001,35120.07813,77.448418,1781
8/23/2021,706.299988,35335.71094,77.035614,1803.199951
8/24/2021,708.48999,35366.26172,76.337791,1805.599976
8/25/2021,711.200012,35405.5,76.318146,1788.199951
8/26/2021,701.159973,35213.12109,75.983971,1792.199951
8/27/2021,711.919983,35455.80078,76.111748,1816.599976
8/30/2021,730.909973,35399.83984,76.318146,1809
8/31/2021,735.719971,35360.73047,76.612999,1815
9/1/2021,734.090027,35312.53125,76.986481,1813.099976
9/2/2021,732.390015,35443.82031,77.173218,1808.699951
9/3/2021,733.570007,35369.08984,76.573685,1830.900024
9/7/2021,752.919983,35100,75.581009,1795.900024
9/8/2021,753.869995,35031.07031,76.445915,1790.699951
9/9/2021,754.859985,34879.37891,75.974144,1797.400024
9/10/2021,736.27002,34607.71875,75.718605,1789.599976
9/13/2021,743,34869.62891,76.052773,1792
9/14/2021,744.48999,34577.57031,75.974144,1804.699951
9/15/2021,755.830017,34814.39063,75.885689,1792.400024
9/16/2021,756.98999,34751.32031,75.158386,1754.599976
9/17/2021,759.48999,34584.87891,74.922501,1749.400024
9/20/2021,730.169983,33970.46875,74.863533,1761.800049
9/21/2021,739.380005,33919.83984,75.079758,1776
9/22/2021,751.940002,34258.32031,75.119064,1776.699951
9/23/2021,753.640015,34764.82031,75.35495,1747.699951
9/24/2021,774.390015,34798,75.315636,1749.699951
9/27/2021,791.359985,34869.37109,74.706276,1750
9/28/2021,777.559998,34299.98828,74.519539,1735.800049
9/29/2021,781.309998,34390.71875,75.757919,1721.5
9/30/2021,775.47998,33843.92188,74.283653,1755.300049
10/1/2021,775.219971,34326.46094,74.283653,1757
10/4/2021,781.530029,34002.92188,73.772568,1766.199951
10/5/2021,780.590027,34314.67188,73.143547,1759.599976
10/6/2021,782.75,34416.98828,73.811882,1760.5
10/7/2021,793.609985,34754.94141,74.293472,1757.900024
10/8/2021,785.48999,34746.25,74.293472,1756.300049
10/11/2021,791.940002,34496.05859,74.499878,1754.599976
10/12/2021,805.719971,34378.33984,74.372108,1758.300049
10/13/2021,811.080017,34377.80859,74.765244,1793.699951
10/14/2021,818.320007,34912.55859,75.286148,1796.699951
10/15/2021,843.030029,35294.76172,74.942154,1767.199951
10/18/2021,870.109985,35258.60938,73.988792,1764.800049
10/19/2021,864.27002,35457.30859,73.497375,1769.699951
10/20/2021,865.799988,35609.33984,74.258743,1784.099976
10/21/2021,894,35603.07813,74.051094,1781.199951
10/22/2021,909.679993,35677.01953,74.654259,1795.5
10/25/2021,1024.859985,35741.14844,74.298294,1806
10/26/2021,1018.429993,35756.87891,75.30687,1792.699951
10/27/2021,1037.859985,35490.69141,75.049782,1797.900024
10/28/2021,1077.040039,35730.48047,76.018799,1801.599976
10/29/2021,1114,35819.55859,75.336533,1783
11/1/2021,1208.589966,35913.83984,75.09922,1795.099976
11/2/2021,1172,36052.62891,75.415634,1788.699951
11/3/2021,1213.859985,36157.57813,76.404434,1763.599976
11/4/2021,1229.910034,36124.23047,76.424217,1793
11/5/2021,1222.089966,36327.94922,76.968048,1816.400024
11/8/2021,1162.939941,36432.21875,76.869171,1827.400024
11/9/2021,1023.5,36319.98047,77.175705,1830.199951
11/10/2021,1067.949951,36079.94141,77.600883,1847.599976
11/11/2021,1063.51001,35921.23047,77.116371,1863.199951
11/12/2021,1033.420044,36100.30859,77.155922,1867.900024
11/15/2021,1013.390015,36087.44922,77.422905,1866.099976
11/16/2021,1054.72998,36142.21875,77.007599,1853.599976
11/17/2021,1089.01001,35931.05078,76.710968,1869.699951
11/18/2021,1096.380005,35870.94922,75.534286,1861
11/19/2021,1137.060059,35601.98047,76.335213,1851.199951
11/22/2021,1156.869995,35619.25,76.691185,1806
11/23/2021,1109.030029,35813.80078,77.057037,1783.5
11/24/2021,1116,35804.37891,76.888947,1784.099976
11/26/2021,1081.920044,34899.33984,76.196785,1785.300049
11/29/2021,1136.98999,35135.94141,76.839508,1782.300049
11/30/2021,1144.76001,34483.71875,74.179634,1773.599976
12/1/2021,1095,34022.03906,74.545494,1781.599976
12/2/2021,1084.599976,34639.78906,74.634491,1760.699951
12/3/2021,1014.969971,34580.07813,75.910034,1782
12/6/2021,1009.01001,35227.03125,77.699768,1777.5
12/7/2021,1051.75,35719.42969,76.938385,1782.599976
12/8/2021,1068.959961,35754.75,76.888947,1783.400024
12/9/2021,1003.799988,35754.69141,77.126259,1774.599976
12/10/2021,1017.030029,35970.98828,78.579796,1782.900024
12/13/2021,966.409973,35650.94922,80.231079,1786.300049
12/14/2021,958.51001,35544.17969,81.209991,1770.400024
12/15/2021,975.98999,35927.42969,81.832939,1762.599976
12/16/2021,926.919983,35897.64063,83.009605,1796.599976
12/17/2021,932.570007,35365.44141,81.556076,1803.800049
12/20/2021,899.940002,34932.16016,81.595627,1793.699951
12/21/2021,938.530029,35492.69922,81.170433,1787.900024
12/22/2021,1008.869995,35753.89063,81.536301,1801.599976
12/23/2021,1067,35950.55859,81.862602,1811.199951
12/27/2021,1093.939941,36302.37891,82.970055,1808.099976
12/28/2021,1088.469971,36398.21094,83.513893,1810.199951
12/29/2021,1086.189941,36488.62891,83.958855,1805.099976
12/30/2021,1070.339966,36398.07813,83.642433,1812.699951
12/31/2021,1056.780029,36338.30078,84.384033,1827.5
1/3/2022,1199.780029,36585.05859,83.642433,1799.400024
1/4/2022,1149.589966,36799.64844,83.919304,1814
1/5/2022,1088.119995,36407.10938,84.265381,1824.599976
1/6/2022,1064.699951,36236.46875,83.711655,1788.699951
1/7/2022,1026.959961,36231.66016,83.494118,1797
1/10/2022,1058.119995,36068.87109,82.772293,1798.400024
1/11/2022,1064.400024,36252.01953,82.238342,1818.599976
1/12/2022,1106.219971,36290.32031,81.941704,1827.199951
1/13/2022,1031.560059,36113.62109,81.615402,1821.199951
1/14/2022,1049.609985,35911.80859,82.515205,1816.5
1/18/2022,1030.51001,35368.46875,82.188904,1812.300049
1/19/2022,995.650024,35028.64844,83.11837,1843.099976
1/20/2022,996.27002,34715.39063,82.357002,1842.5
1/21/2022,943.900024,34265.37109,83.182159,1831.800049
1/24/2022,930,34364.5,83.182159,1841.699951
1/25/2022,918.400024,34297.73047,81.263412,1852.699951
1/26/2022,937.409973,34168.08984,80.915451,1829.900024
1/27/2022,829.099976,34160.78125,82.217812,1793.300049
1/28/2022,846.349976,34725.46875,82.565781,1784.900024
1/31/2022,936.719971,35131.85938,81.969269,1795
2/1/2022,931.25,35405.23828,81.44236,1800.300049
2/2/2022,905.659973,35629.32813,82.317238,1809.199951
2/3/2022,891.140015,35111.16016,82.247643,1803
2/4/2022,923.320007,35089.73828,80.647034,1806.599976
2/7/2022,907.340027,35091.12891,80.647034,1820.599976
2/8/2022,922,35462.78125,80.448189,1826.599976
2/9/2022,932,35768.05859,80.398491,1835.199951
2/10/2022,904.549988,35241.58984,79.255188,1836.199951
2/11/2022,860,34738.05859,79.066299,1840.800049
2/14/2022,875.76001,34566.17188,78.797874,1868
2/15/2022,922.429993,34988.83984,78.121841,1854.800049
2/16/2022,923.390015,34934.26953,77.883232,1870.199951
2/17/2022,876.349976,34312.03125,78.688515,1900.699951
2/18/2022,856.97998,34079.17969,79.086182,1898.599976
2/22/2022,821.530029,33596.60938,78.390259,1906.099976
2/23/2022,764.039978,33131.76172,78.181488,1909.199951
2/24/2022,800.77002,33223.82813,75.139328,1925.099976
2/25/2022,809.869995,34058.75,77.684402,1886.5
2/28/2022,870.429993,33892.60156,76.501335,1899.400024
3/1/2022,864.369995,33294.94922,75.596649,1942.400024
3/2/2022,879.890015,33891.35156,76.252792,1920.900024
3/3/2022,839.289978,33794.66016,76.948715,1934.400024
3/4/2022,838.289978,33614.80078,76.908951,1965.099976
3/7/2022,804.580017,32817.37891,76.232918,1993.900024
3/8/2022,824.400024,32632.64063,74.433472,2040.099976
3/9/2022,858.969971,33286.25,75.099564,1985.900024
3/10/2022,838.299988,33174.07031,73.40947,1998.099976
3/11/2022,795.349976,32944.19141,73.339882,1982.699951
3/14/2022,766.369995,32945.23828,73.52877,1959.599976
3/15/2022,801.890015,33544.33984,75.04985,1928.5
3/16/2022,840.22998,34063.10156,74.711838,1908
3/17/2022,871.599976,34480.76172,74.691948,1942.099976
3/18/2022,905.390015,34754.92969,71.77903,1928.199951
3/21/2022,921.159973,34552.98828,73.717667,1928.599976
3/22/2022,993.97998,34807.46094,74.065628,1920.699951
3/23/2022,999.109985,34358.5,73.200699,1936.599976
3/24/2022,1013.919983,34707.94141,73.220581,1961.599976
3/25/2022,1010.640015,34861.23828,74.343994,1953.800049
3/28/2022,1091.839966,34955.89063,74.950439,1939.599976
3/29/2022,1099.569946,35294.19141,75.755714,1912
3/30/2022,1093.98999,35228.80859,75.91478,1933.5
3/31/2022,1077.599976,34678.35156,75.387871,1949.199951
4/1/2022,1084.589966,34818.26953,75.974426,1919.099976
4/4/2022,1145.449951,34921.87891,76.143433,1929.199951
4/5/2022,1091.26001,34641.17969,76.998421,1922.900024
4/6/2022,1045.76001,34496.51172,78.350494,1918.400024
4/7/2022,1057.26001,34583.57031,79.951111,1933.800049
4/8/2022,1025.48999,34721.12109,79.782097,1941.599976
4/11/2022,975.929993,34308.07813,79.970993,1944.300049
4/12/2022,986.950012,34220.35938,80.527725,1972.099976
4/13/2022,1022.369995,34564.58984,80.517784,1981
4/14/2022,985,34451.23047,80.468079,1970.900024
4/18/2022,1004.289978,34411.69141,79.543503,1982.900024
4/19/2022,1028.150024,34911.19922,80.139999,1955.699951
4/20/2022,977.200012,35160.78906,81.529999,1952.300049
4/21/2022,1008.780029,34792.76172,82.099998,1944.900024
4/22/2022,1005.049988,33811.39844,81.099998,1931
4/25/2022,998.02002,34049.46094,81.809998,1893.199951
4/26/2022,876.419983,33240.17969,80.519997,1901.400024
4/27/2022,881.51001,33301.92969,80.690002,1885.900024
4/28/2022,877.51001,33916.39063,81.220001,1888.699951
4/29/2022,870.76001,32977.21094,77.050003,1909.300049
5/2/2022,902.940002,33061.5,75.18,1861.800049
5/3/2022,909.25,33128.78906,74.489998,1868.800049
5/4/2022,952.619995,34061.05859,77,1867
5/5/2022,873.280029,32997.96875,76.089996,1874
5/6/2022,865.650024,32899.37109,76.839996,1881.199951
5/9/2022,787.109985,32245.69922,77.669998,1857.099976
